-- 电商示例库 Seed（MySQL）

-- 用户数据
INSERT INTO users
  (id, user_no, username, email, gender, birth_date, register_channel, member_level, province, city, is_premium, lifetime_value, status, created_at, last_active_at)
VALUES
  (1, 'U000001', 'li_anna', 'li_anna@example.com', 'female', '1993-03-12', 'app', 'gold', '上海', '上海', 1, 25880.50, 'active', '2024-01-03 09:12:00', '2025-05-25 21:10:00'),
  (2, 'U000002', 'wang_tao', 'wang_tao@example.com', 'male', '1990-07-18', 'mini_program', 'silver', '浙江', '杭州', 0, 12840.20, 'active', '2024-01-10 10:16:00', '2025-05-26 08:42:00'),
  (3, 'U000003', 'chen_yi', 'chen_yi@example.com', 'female', '1996-11-21', 'web', 'platinum', '北京', '北京', 1, 38650.00, 'active', '2024-02-02 12:05:00', '2025-05-26 09:04:00'),
  (4, 'U000004', 'zhao_qi', 'zhao_qi@example.com', 'male', '1988-05-09', 'app', 'bronze', '广东', '深圳', 0, 7560.35, 'active', '2024-02-15 14:32:00', '2025-05-24 19:15:00'),
  (5, 'U000005', 'sun_jing', 'sun_jing@example.com', 'female', '1994-09-14', 'app', 'gold', '四川', '成都', 1, 21230.00, 'active', '2024-03-01 11:03:00', '2025-05-25 17:25:00'),
  (6, 'U000006', 'guo_lin', 'guo_lin@example.com', 'male', '1998-01-30', 'referral', 'silver', '湖北', '武汉', 0, 9340.80, 'active', '2024-03-18 16:20:00', '2025-05-24 13:44:00'),
  (7, 'U000007', 'he_xin', 'he_xin@example.com', 'female', '1992-12-08', 'app', 'platinum', '江苏', '南京', 1, 42260.65, 'active', '2024-04-05 09:45:00', '2025-05-26 07:18:00'),
  (8, 'U000008', 'peng_hao', 'peng_hao@example.com', 'male', '1987-06-17', 'web', 'gold', '陕西', '西安', 1, 18440.10, 'active', '2024-04-21 10:10:00', '2025-05-23 22:01:00'),
  (9, 'U000009', 'yang_fei', 'yang_fei@example.com', 'male', '1995-08-26', 'mini_program', 'silver', '河南', '郑州', 0, 11620.90, 'active', '2024-05-02 18:12:00', '2025-05-25 12:18:00'),
  (10, 'U000010', 'zhou_ning', 'zhou_ning@example.com', 'female', '1991-04-06', 'app', 'gold', '福建', '厦门', 1, 20980.40, 'active', '2024-05-18 08:50:00', '2025-05-26 10:21:00'),
  (11, 'U000011', 'xu_ming', 'xu_ming@example.com', 'male', '1997-10-11', 'referral', 'bronze', '山东', '青岛', 0, 6480.00, 'active', '2024-06-12 12:45:00', '2025-05-22 18:33:00'),
  (12, 'U000012', 'lin_qiao', 'lin_qiao@example.com', 'female', '1999-02-25', 'app', 'silver', '湖南', '长沙', 0, 9820.55, 'active', '2024-06-26 19:20:00', '2025-05-26 06:54:00');

-- 品牌
INSERT INTO brands (id, brand_name, brand_tier, origin_country, created_at) VALUES
  (1, 'Apple', 'premium', 'USA', '2024-01-01 00:00:00'),
  (2, 'Huawei', 'premium', 'China', '2024-01-01 00:00:00'),
  (3, 'Xiaomi', 'mass', 'China', '2024-01-01 00:00:00'),
  (4, 'Nike', 'premium', 'USA', '2024-01-01 00:00:00'),
  (5, 'Adidas', 'premium', 'Germany', '2024-01-01 00:00:00'),
  (6, 'Midea', 'mass', 'China', '2024-01-01 00:00:00'),
  (7, 'Haier', 'mass', 'China', '2024-01-01 00:00:00'),
  (8, 'KindlePress', 'niche', 'China', '2024-01-01 00:00:00');

-- 类目
INSERT INTO categories (id, parent_id, category_name, category_level, is_leaf, created_at) VALUES
  (1, NULL, '数码家电', 1, 0, '2024-01-01 00:00:00'),
  (2, NULL, '服饰运动', 1, 0, '2024-01-01 00:00:00'),
  (3, NULL, '图书文娱', 1, 0, '2024-01-01 00:00:00'),
  (4, NULL, '家居生活', 1, 0, '2024-01-01 00:00:00'),
  (11, 1, '手机通讯', 2, 1, '2024-01-01 00:00:00'),
  (12, 1, '电脑办公', 2, 1, '2024-01-01 00:00:00'),
  (21, 2, '运动鞋服', 2, 1, '2024-01-01 00:00:00'),
  (31, 3, '图书', 2, 1, '2024-01-01 00:00:00'),
  (41, 4, '厨电家具', 2, 1, '2024-01-01 00:00:00');

-- 仓库
INSERT INTO warehouses (id, warehouse_code, warehouse_name, province, city, warehouse_type, created_at) VALUES
  (1, 'WH_EAST_01', '华东一号仓', '上海', '上海', 'regional', '2024-01-01 00:00:00'),
  (2, 'WH_SOUTH_01', '华南一号仓', '广东', '广州', 'regional', '2024-01-01 00:00:00'),
  (3, 'WH_NORTH_01', '华北一号仓', '北京', '北京', 'regional', '2024-01-01 00:00:00'),
  (4, 'WH_WEST_01', '西南一号仓', '四川', '成都', 'regional', '2024-01-01 00:00:00');

-- 活动
INSERT INTO promotions
  (id, promotion_code, promotion_name, promotion_type, threshold_amount, discount_amount, discount_rate, start_time, end_time, status, created_at)
VALUES
  (1, 'PROMO_NEWYEAR', '新年满减', 'full_reduction', 300, 40, 0, '2025-01-01 00:00:00', '2025-01-31 23:59:59', 'expired', '2024-12-20 00:00:00'),
  (2, 'PROMO_SPRING', '春季大促', 'discount', 0, 0, 0.88, '2025-03-01 00:00:00', '2025-03-31 23:59:59', 'expired', '2025-02-15 00:00:00'),
  (3, 'PROMO_618', '618狂欢', 'platform_coupon', 500, 80, 0, '2025-05-20 00:00:00', '2025-06-20 23:59:59', 'active', '2025-05-01 00:00:00'),
  (4, 'PROMO_MEMBER', '会员专享95折', 'member_discount', 0, 0, 0.95, '2025-01-01 00:00:00', '2025-12-31 23:59:59', 'active', '2024-12-31 00:00:00');

-- 商品
INSERT INTO products
  (id, spu_code, sku_code, product_name, brand_id, category_id, market_price, sale_price, cost_price, stock_quantity, safety_stock, rating, status, launch_date, created_at)
VALUES
  (1, 'SPU1001', 'SKU1001', 'iPhone 15 256G', 1, 11, 6999, 6499, 5600, 180, 40, 4.90, 'active', '2024-09-20', '2024-09-20 09:00:00'),
  (2, 'SPU1002', 'SKU1002', 'Mate 60 Pro 512G', 2, 11, 6999, 6299, 5480, 160, 35, 4.88, 'active', '2024-08-15', '2024-08-15 10:00:00'),
  (3, 'SPU1003', 'SKU1003', 'Redmi K70 256G', 3, 11, 2999, 2699, 2280, 320, 60, 4.75, 'active', '2024-11-11', '2024-11-11 11:00:00'),
  (4, 'SPU1004', 'SKU1004', 'MacBook Air M3', 1, 12, 9499, 8999, 7820, 90, 20, 4.93, 'active', '2025-02-10', '2025-02-10 10:00:00'),
  (5, 'SPU1005', 'SKU1005', '小米办公显示器27寸', 3, 12, 1499, 1299, 980, 240, 50, 4.62, 'active', '2024-12-01', '2024-12-01 09:30:00'),
  (6, 'SPU1006', 'SKU1006', 'Nike 飞马跑鞋', 4, 21, 899, 699, 360, 410, 80, 4.71, 'active', '2024-10-08', '2024-10-08 13:00:00'),
  (7, 'SPU1007', 'SKU1007', 'Adidas 训练夹克', 5, 21, 799, 599, 300, 360, 70, 4.58, 'active', '2024-09-15', '2024-09-15 12:00:00'),
  (8, 'SPU1008', 'SKU1008', 'Midea 胶囊咖啡机', 6, 41, 799, 599, 380, 150, 35, 4.66, 'active', '2024-07-20', '2024-07-20 15:00:00'),
  (9, 'SPU1009', 'SKU1009', 'Haier 智能空气炸锅', 7, 41, 699, 529, 320, 190, 45, 4.61, 'active', '2024-08-05', '2024-08-05 09:00:00'),
  (10, 'SPU1010', 'SKU1010', '年度商业增长实战手册', 8, 31, 128, 89, 36, 520, 100, 4.55, 'active', '2025-01-18', '2025-01-18 18:00:00'),
  (11, 'SPU1011', 'SKU1011', '数据分析实战课', 8, 31, 168, 119, 45, 480, 90, 4.73, 'active', '2025-02-01', '2025-02-01 10:00:00'),
  (12, 'SPU1012', 'SKU1012', '电竞机械键盘', 3, 12, 499, 369, 210, 260, 50, 4.64, 'active', '2024-11-28', '2024-11-28 16:00:00');

-- 订单
INSERT INTO orders
  (id, order_no, user_id, order_time, order_status, payment_status, fulfillment_status, order_channel, province, city, gross_amount, discount_amount, shipping_fee, refund_amount, net_amount, created_at)
VALUES
  (1, 'ORD202501010001', 1, '2025-01-05 10:18:00', 'completed', 'paid', 'delivered', 'app', '上海', '上海', 6499, 80, 0, 0, 6419, '2025-01-05 10:18:00'),
  (2, 'ORD202501010002', 2, '2025-01-11 12:42:00', 'completed', 'paid', 'delivered', 'mini_program', '浙江', '杭州', 1398, 70, 10, 0, 1338, '2025-01-11 12:42:00'),
  (3, 'ORD202501010003', 3, '2025-01-18 19:05:00', 'completed', 'paid', 'delivered', 'web', '北京', '北京', 9598, 200, 0, 0, 9398, '2025-01-18 19:05:00'),
  (4, 'ORD202501010004', 4, '2025-02-03 09:21:00', 'cancelled', 'failed', 'unfulfilled', 'app', '广东', '深圳', 529, 0, 10, 0, 0, '2025-02-03 09:21:00'),
  (5, 'ORD202501010005', 5, '2025-02-14 21:06:00', 'completed', 'paid', 'delivered', 'app', '四川', '成都', 1298, 119, 0, 0, 1179, '2025-02-14 21:06:00'),
  (6, 'ORD202501010006', 6, '2025-03-01 08:15:00', 'completed', 'paid', 'delivered', 'referral', '湖北', '武汉', 599, 30, 8, 0, 577, '2025-03-01 08:15:00'),
  (7, 'ORD202501010007', 7, '2025-03-12 14:32:00', 'completed', 'paid', 'delivered', 'app', '江苏', '南京', 7198, 300, 0, 0, 6898, '2025-03-12 14:32:00'),
  (8, 'ORD202501010008', 8, '2025-03-24 18:40:00', 'completed', 'paid', 'delivered', 'web', '陕西', '西安', 1767, 90, 12, 89, 1600, '2025-03-24 18:40:00'),
  (9, 'ORD202501010009', 9, '2025-04-02 11:10:00', 'completed', 'paid', 'delivered', 'mini_program', '河南', '郑州', 369, 20, 8, 0, 357, '2025-04-02 11:10:00'),
  (10, 'ORD202501010010', 10, '2025-04-18 16:28:00', 'completed', 'paid', 'delivered', 'app', '福建', '厦门', 1128, 60, 0, 0, 1068, '2025-04-18 16:28:00'),
  (11, 'ORD202501010011', 11, '2025-05-03 20:11:00', 'completed', 'paid', 'delivered', 'referral', '山东', '青岛', 736, 40, 10, 0, 706, '2025-05-03 20:11:00'),
  (12, 'ORD202501010012', 12, '2025-05-21 09:05:00', 'completed', 'paid', 'delivered', 'app', '湖南', '长沙', 9198, 380, 0, 0, 8818, '2025-05-21 09:05:00'),
  (13, 'ORD202501010013', 1, '2025-05-22 15:16:00', 'completed', 'paid', 'shipped', 'app', '上海', '上海', 1058, 80, 0, 0, 978, '2025-05-22 15:16:00'),
  (14, 'ORD202501010014', 2, '2025-05-23 17:08:00', 'refunded', 'paid', 'delivered', 'mini_program', '浙江', '宁波', 2699, 80, 0, 2699, 0, '2025-05-23 17:08:00'),
  (15, 'ORD202501010015', 3, '2025-05-24 10:45:00', 'completed', 'paid', 'processing', 'web', '北京', '北京', 208, 0, 6, 0, 214, '2025-05-24 10:45:00'),
  (16, 'ORD202501010016', 7, '2025-05-25 13:20:00', 'completed', 'paid', 'delivered', 'app', '江苏', '苏州', 4898, 200, 0, 0, 4698, '2025-05-25 13:20:00');

-- 支付
INSERT INTO payments
  (id, order_id, payment_no, payment_method, payment_amount, payment_status, paid_time, callback_time)
VALUES
  (1, 1, 'PAY2025010001', 'alipay', 6419, 'success', '2025-01-05 10:20:00', '2025-01-05 10:20:05'),
  (2, 2, 'PAY2025010002', 'wechat_pay', 1338, 'success', '2025-01-11 12:44:00', '2025-01-11 12:44:02'),
  (3, 3, 'PAY2025010003', 'credit_card', 9398, 'success', '2025-01-18 19:07:00', '2025-01-18 19:07:05'),
  (4, 4, 'PAY2025010004', 'alipay', 529, 'failed', NULL, NULL),
  (5, 5, 'PAY2025010005', 'wechat_pay', 1179, 'success', '2025-02-14 21:09:00', '2025-02-14 21:09:03'),
  (6, 6, 'PAY2025010006', 'wechat_pay', 577, 'success', '2025-03-01 08:18:00', '2025-03-01 08:18:04'),
  (7, 7, 'PAY2025010007', 'credit_card', 6898, 'success', '2025-03-12 14:34:00', '2025-03-12 14:34:02'),
  (8, 8, 'PAY2025010008', 'alipay', 1689, 'success', '2025-03-24 18:42:00', '2025-03-24 18:42:06'),
  (9, 9, 'PAY2025010009', 'wechat_pay', 357, 'success', '2025-04-02 11:12:00', '2025-04-02 11:12:02'),
  (10, 10, 'PAY2025010010', 'credit_card', 1068, 'success', '2025-04-18 16:30:00', '2025-04-18 16:30:04'),
  (11, 11, 'PAY2025010011', 'alipay', 706, 'success', '2025-05-03 20:13:00', '2025-05-03 20:13:02'),
  (12, 12, 'PAY2025010012', 'wechat_pay', 8818, 'success', '2025-05-21 09:08:00', '2025-05-21 09:08:05'),
  (13, 13, 'PAY2025010013', 'wallet', 978, 'success', '2025-05-22 15:19:00', '2025-05-22 15:19:03'),
  (14, 14, 'PAY2025010014', 'wechat_pay', 2619, 'success', '2025-05-23 17:11:00', '2025-05-23 17:11:02'),
  (15, 15, 'PAY2025010015', 'alipay', 214, 'success', '2025-05-24 10:46:00', '2025-05-24 10:46:02'),
  (16, 16, 'PAY2025010016', 'credit_card', 4698, 'success', '2025-05-25 13:22:00', '2025-05-25 13:22:04');

-- 发货
INSERT INTO shipments
  (id, order_id, warehouse_id, carrier_name, tracking_no, shipped_time, delivered_time, delivery_status)
VALUES
  (1, 1, 1, '顺丰', 'SF100001', '2025-01-05 14:00:00', '2025-01-06 11:20:00', 'delivered'),
  (2, 2, 1, '中通', 'ZT100002', '2025-01-11 18:10:00', '2025-01-13 12:15:00', 'delivered'),
  (3, 3, 3, '京东物流', 'JD100003', '2025-01-18 23:10:00', '2025-01-19 16:00:00', 'delivered'),
  (4, 5, 4, '顺丰', 'SF100005', '2025-02-15 09:10:00', '2025-02-16 10:35:00', 'delivered'),
  (5, 6, 3, '邮政', 'YZ100006', '2025-03-01 16:30:00', '2025-03-03 09:00:00', 'delivered'),
  (6, 7, 1, '京东物流', 'JD100007', '2025-03-12 20:10:00', '2025-03-13 14:20:00', 'delivered'),
  (7, 8, 4, '顺丰', 'SF100008', '2025-03-25 09:45:00', '2025-03-26 13:10:00', 'delivered'),
  (8, 9, 3, '圆通', 'YT100009', '2025-04-02 16:05:00', '2025-04-04 11:12:00', 'delivered'),
  (9, 10, 2, '中通', 'ZT100010', '2025-04-18 21:00:00', '2025-04-20 15:40:00', 'delivered'),
  (10, 11, 2, '顺丰', 'SF100011', '2025-05-04 09:15:00', '2025-05-05 12:10:00', 'delivered'),
  (11, 12, 1, '京东物流', 'JD100012', '2025-05-21 14:05:00', '2025-05-22 09:40:00', 'delivered'),
  (12, 13, 1, '顺丰', 'SF100013', '2025-05-22 20:00:00', NULL, 'shipped'),
  (13, 14, 1, '中通', 'ZT100014', '2025-05-24 08:20:00', '2025-05-25 11:50:00', 'delivered'),
  (14, 15, 3, '圆通', 'YT100015', '2025-05-24 18:05:00', NULL, 'processing'),
  (15, 16, 1, '顺丰', 'SF100016', '2025-05-25 17:20:00', '2025-05-26 11:10:00', 'delivered');

-- 订单明细
INSERT INTO order_items
  (id, order_id, product_id, warehouse_id, promotion_id, quantity, unit_price, item_discount_amount, final_amount, is_returned, created_at)
VALUES
  (1, 1, 1, 1, 1, 1, 6499, 80, 6419, 0, '2025-01-05 10:18:00'),
  (2, 2, 6, 1, 1, 2, 699, 70, 1328, 0, '2025-01-11 12:42:00'),
  (3, 3, 4, 3, 1, 1, 8999, 200, 8799, 0, '2025-01-18 19:05:00'),
  (4, 3, 10, 3, NULL, 1, 89, 0, 89, 0, '2025-01-18 19:05:00'),
  (5, 3, 11, 3, NULL, 1, 119, 0, 119, 0, '2025-01-18 19:05:00'),
  (6, 4, 9, 2, NULL, 1, 529, 0, 529, 0, '2025-02-03 09:21:00'),
  (7, 5, 8, 4, 2, 1, 599, 60, 539, 0, '2025-02-14 21:06:00'),
  (8, 5, 11, 4, NULL, 1, 119, 0, 119, 0, '2025-02-14 21:06:00'),
  (9, 5, 10, 4, NULL, 5, 89, 59, 521, 0, '2025-02-14 21:06:00'),
  (10, 6, 8, 3, 2, 1, 599, 30, 569, 0, '2025-03-01 08:15:00'),
  (11, 7, 2, 1, 2, 1, 6299, 250, 6049, 0, '2025-03-12 14:32:00'),
  (12, 7, 10, 1, NULL, 1, 89, 0, 89, 0, '2025-03-12 14:32:00'),
  (13, 7, 11, 1, NULL, 1, 119, 0, 119, 0, '2025-03-12 14:32:00'),
  (14, 7, 12, 1, NULL, 2, 369, 98, 641, 0, '2025-03-12 14:32:00'),
  (15, 8, 6, 4, NULL, 2, 699, 60, 1338, 0, '2025-03-24 18:40:00'),
  (16, 8, 10, 4, NULL, 1, 89, 0, 89, 1, '2025-03-24 18:40:00'),
  (17, 8, 11, 4, NULL, 2, 119, 0, 238, 0, '2025-03-24 18:40:00'),
  (18, 9, 12, 3, NULL, 1, 369, 20, 349, 0, '2025-04-02 11:10:00'),
  (19, 10, 7, 2, 2, 1, 599, 40, 559, 0, '2025-04-18 16:28:00'),
  (20, 10, 11, 2, NULL, 4, 119, 20, 496, 0, '2025-04-18 16:28:00'),
  (21, 11, 9, 2, NULL, 1, 529, 30, 499, 0, '2025-05-03 20:11:00'),
  (22, 11, 10, 2, NULL, 2, 89, 10, 168, 0, '2025-05-03 20:11:00'),
  (23, 12, 4, 1, 3, 1, 8999, 280, 8719, 0, '2025-05-21 09:05:00'),
  (24, 12, 10, 1, NULL, 1, 89, 0, 89, 0, '2025-05-21 09:05:00'),
  (25, 12, 11, 1, NULL, 1, 119, 0, 119, 0, '2025-05-21 09:05:00'),
  (26, 13, 8, 1, 3, 1, 599, 80, 519, 0, '2025-05-22 15:16:00'),
  (27, 13, 10, 1, NULL, 3, 89, 0, 267, 0, '2025-05-22 15:16:00'),
  (28, 13, 11, 1, NULL, 2, 119, 48, 192, 0, '2025-05-22 15:16:00'),
  (29, 14, 3, 1, 3, 1, 2699, 80, 2619, 1, '2025-05-23 17:08:00'),
  (30, 15, 10, 3, NULL, 1, 89, 0, 89, 0, '2025-05-24 10:45:00'),
  (31, 15, 11, 3, NULL, 1, 119, 0, 119, 0, '2025-05-24 10:45:00'),
  (32, 16, 1, 1, 3, 1, 6499, 280, 6219, 0, '2025-05-25 13:20:00'),
  (33, 16, 6, 1, NULL, 1, 699, 0, 699, 0, '2025-05-25 13:20:00'),
  (34, 16, 12, 1, NULL, 1, 369, 0, 369, 0, '2025-05-25 13:20:00');

-- 退款
INSERT INTO refunds
  (id, order_id, order_item_id, refund_reason, refund_amount, refund_status, requested_time, completed_time)
VALUES
  (1, 8, 16, '包装破损', 89, 'completed', '2025-03-27 09:30:00', '2025-03-28 10:20:00'),
  (2, 14, 29, '价格波动申请退货', 2699, 'completed', '2025-05-25 14:10:00', '2025-05-26 09:15:00');

-- 评价
INSERT INTO reviews
  (id, order_item_id, user_id, rating, review_tag, review_content, review_time)
VALUES
  (1, 1, 1, 5, '物流快', '手机性能很好，配送也非常快。', '2025-01-08 12:10:00'),
  (2, 2, 2, 4, '尺码合适', '鞋子穿着舒服，但盒子有轻微压痕。', '2025-01-15 10:45:00'),
  (3, 7, 5, 5, '性价比高', '咖啡机日常家用完全够了。', '2025-02-18 09:35:00'),
  (4, 11, 7, 5, '拍照优秀', 'Mate系列依旧稳定，续航满意。', '2025-03-15 21:20:00'),
  (5, 16, 8, 2, '包装差', '书角折了，体验一般。', '2025-03-26 20:12:00'),
  (6, 18, 9, 4, '手感不错', '键盘不错，RGB灯效好看。', '2025-04-05 22:11:00'),
  (7, 23, 12, 5, '办公神器', '新电脑非常轻薄，适合出差。', '2025-05-23 18:30:00'),
  (8, 32, 7, 5, '再次回购', '第二次购买苹果手机，整体非常满意。', '2025-05-26 13:15:00');

-- 客服工单
INSERT INTO customer_service_tickets
  (id, order_id, user_id, ticket_type, priority, status, satisfaction_score, created_time, resolved_time)
VALUES
  (1, 8, 8, 'refund', 'medium', 'resolved', 3, '2025-03-27 09:10:00', '2025-03-28 10:40:00'),
  (2, 13, 1, 'shipping', 'low', 'open', NULL, '2025-05-23 09:20:00', NULL),
  (3, 14, 2, 'return', 'high', 'resolved', 4, '2025-05-25 13:58:00', '2025-05-26 10:10:00'),
  (4, 15, 3, 'invoice', 'low', 'processing', NULL, '2025-05-24 12:20:00', NULL);

-- 库存快照
INSERT INTO inventory_snapshots
  (id, snapshot_date, product_id, warehouse_id, available_stock, locked_stock, inbound_qty, created_at)
VALUES
  (1, '2025-05-20', 1, 1, 186, 8, 25, '2025-05-20 23:59:00'),
  (2, '2025-05-20', 2, 1, 168, 5, 12, '2025-05-20 23:59:00'),
  (3, '2025-05-20', 4, 1, 94, 2, 6, '2025-05-20 23:59:00'),
  (4, '2025-05-20', 8, 4, 162, 6, 10, '2025-05-20 23:59:00'),
  (5, '2025-05-20', 10, 3, 530, 12, 0, '2025-05-20 23:59:00'),
  (6, '2025-05-21', 1, 1, 182, 7, 20, '2025-05-21 23:59:00'),
  (7, '2025-05-21', 2, 1, 163, 4, 10, '2025-05-21 23:59:00'),
  (8, '2025-05-21', 4, 1, 91, 3, 5, '2025-05-21 23:59:00'),
  (9, '2025-05-21', 8, 4, 158, 4, 9, '2025-05-21 23:59:00'),
  (10, '2025-05-21', 10, 3, 524, 9, 0, '2025-05-21 23:59:00'),
  (11, '2025-05-22', 1, 1, 180, 10, 18, '2025-05-22 23:59:00'),
  (12, '2025-05-22', 4, 1, 89, 2, 5, '2025-05-22 23:59:00'),
  (13, '2025-05-22', 8, 1, 146, 3, 15, '2025-05-22 23:59:00'),
  (14, '2025-05-22', 10, 1, 519, 6, 0, '2025-05-22 23:59:00'),
  (15, '2025-05-23', 3, 1, 316, 8, 30, '2025-05-23 23:59:00'),
  (16, '2025-05-23', 12, 1, 251, 4, 16, '2025-05-23 23:59:00'),
  (17, '2025-05-24', 10, 3, 515, 4, 0, '2025-05-24 23:59:00'),
  (18, '2025-05-24', 11, 3, 471, 3, 0, '2025-05-24 23:59:00'),
  (19, '2025-05-25', 1, 1, 178, 12, 18, '2025-05-25 23:59:00'),
  (20, '2025-05-25', 6, 1, 403, 11, 25, '2025-05-25 23:59:00'),
  (21, '2025-05-25', 12, 1, 248, 5, 14, '2025-05-25 23:59:00'),
  (22, '2025-05-26', 1, 1, 176, 9, 20, '2025-05-26 23:59:00'),
  (23, '2025-05-26', 6, 1, 398, 7, 25, '2025-05-26 23:59:00'),
  (24, '2025-05-26', 12, 1, 246, 6, 13, '2025-05-26 23:59:00');
